{
  "coeffs": [
    0.00785574213953263,
    0.003438470542519525,
    0.002848948023781865,
    0.002895131760401335,
    0.002464841193229534,
    0.0023016113787509506,
    0.002563503954046609,
    0.0008521641302167312,
    -0.0007391131224773334,
    -0.34167194519590566
  ],
  "channel_coeffs": [
    0.00785574213953263,
    0.003438470542519525,
    0.002848948023781865,
    0.002895131760401335,
    0.002464841193229534,
    0.0023016113787509506,
    0.002563503954046609,
    0.0008521641302167312,
    -0.0007391131224773334
  ],
  "intercept": -0.34167194519590566,
  "r2": 0.9997268160037966,
  "rmse": 0.3592212620759955,
  "condition_number": 652.7356354088156,
  "timestamp": null
}